{"1": [44.9, 51.78918918918919], "2": [46.11330049261084, 53.01477832512315], "3": [46.513888888888886, 50.120370370370374], "4": [45.20634920634921, 49.72486772486773], "5": [47.05797101449275, 49.07729468599034]}