{"date_lowest_open": "19/05/2021", "mean_volume": 24818026.086956523, "precio_minimo": 552.549988}